{
  "best_model": "random_forest",
  "models": {
    "logistic_regression": {
      "run_id": "30f539712d1a412581900a02e7275cbb",
      "best_params": {
        "classifier__C": 1.0
      },
      "cv_roc_auc_mean": 0.9020572760572761,
      "test_metrics": {
        "accuracy": 0.8166666666666667,
        "precision": 0.8695652173913043,
        "recall": 0.7142857142857143,
        "f1": 0.7843137254901961,
        "roc_auc": 0.9375
      }
    },
    "random_forest": {
      "run_id": "e5071c944b6e4bab9758afafb0cac455",
      "best_params": {
        "classifier__max_depth": null,
        "classifier__min_samples_leaf": 4,
        "classifier__n_estimators": 300
      },
      "cv_roc_auc_mean": 0.9056170496170497,
      "test_metrics": {
        "accuracy": 0.85,
        "precision": 0.88,
        "recall": 0.7857142857142857,
        "f1": 0.8301886792452831,
        "roc_auc": 0.9430803571428572
      }
    }
  }
}