{
  "best_model": "random_forest",
  "registered_model_name": "heart-disease-classifier",
  "registered_model_version": 1,
  "models": {
    "logistic_regression": {
      "run_id": "4f4d717544304626b814275cc40cb322",
      "best_params": {
        "classifier__C": 1.0
      },
      "cv_roc_auc_mean": 0.9020572760572761,
      "test_metrics": {
        "accuracy": 0.8166666666666667,
        "precision": 0.8695652173913043,
        "recall": 0.7142857142857143,
        "f1": 0.7843137254901961,
        "roc_auc": 0.9375
      }
    },
    "random_forest": {
      "run_id": "603adbf1f48045faa8004b6fe678ed07",
      "best_params": {
        "classifier__max_depth": null,
        "classifier__min_samples_leaf": 4,
        "classifier__n_estimators": 300
      },
      "cv_roc_auc_mean": 0.9056170496170497,
      "test_metrics": {
        "accuracy": 0.85,
        "precision": 0.88,
        "recall": 0.7857142857142857,
        "f1": 0.8301886792452831,
        "roc_auc": 0.9430803571428572
      }
    },
    "xgboost": {
      "run_id": "00849b4051c243fdbaa6e6227cd42680",
      "best_params": {
        "classifier__learning_rate": 0.01,
        "classifier__max_depth": 3,
        "classifier__n_estimators": 300
      },
      "cv_roc_auc_mean": 0.8868431568431567,
      "test_metrics": {
        "accuracy": 0.8166666666666667,
        "precision": 0.8695652173913043,
        "recall": 0.7142857142857143,
        "f1": 0.7843137254901961,
        "roc_auc": 0.9207589285714286
      }
    }
  }
}